id	displayName	inputUsdPerMTokens	outputUsdPerMTokens	context	maxOutput	lifecycle	capability
qwen3.8-max	Qwen3.8-Max	2	6	1 M	131.1 K	active	completion
qwen3.8-flash	Qwen3.8-Flash	0.15	0.47	1 M	131.1 K	active	completion
qwen3.8-2.4t-a95b	Qwen3.8-Open-Source	2	6	1 M	131.1 K	active	completion
qwen3.8-omni-flash	Qwen3.8-Omni-Flash	0.15	0.47	1 M	131.1 K	active	completion
deepseek-v4-pro-0813	DeepSeek	0.66	1.98	1 M	393.2 K	partially-retiring	completion
ZHIPU/GLM-5.3	Zhipu GLM Series Text Models	1.4	4.4	1 M	131.1 K	active	completion
kimi-k3	Kimi	3	15	1 M	1 M	active	completion
glm-5.2-fast-preview	GLM-5.2-Fast	2.8	8.8	1 M	131.1 K	active	completion
glm-5.2	GLM	1.4	4.4	1 M	131.1 K	active	completion
qwen3.7-max	Qwen3.7-Max	2.5	7.5	1 M	131.1 K	active	completion
qwen3.7-plus	Qwen3.7-Plus	0.32-0.96	1.28-3.84	1 M	131.1 K	active	completion
qwen3.7-flash	Qwen3.7-Flash	0.03-0.2	0.13-0.8	1 M	131.1 K	active	completion
qwen3.6-max-preview	Qwen3.6-Max	1.3-2	7.8-12	262.1 K	65.5 K	retiring	completion
qwen3.6-plus	Qwen3.6-Plus	0.5-2	3-6	1 M	65.5 K	active	completion
qwen3.6-flash	Qwen3.6-Flash	0.25-1	1.5-4	1 M	65.5 K	active	completion
qwen3.5-omni-plus	Qwen3.5-Omni-Plus	1.4	8.3	262.1 K	65.5 K	active	completion
qwen3.5-omni-plus-realtime	Qwen3.5-Omni-Plus-Realtime	2.1	12.4	262.1 K	65.5 K	active	completion
qwen3.5-flash	Qwen3.5-Flash	0.1	0.4	1 M	65.5 K	active	completion
qwen3.5-plus	Qwen3.5-Plus	0.4-0.5	2.4-3	1 M	65.5 K	active	completion
qwen-plus	Qwen-Plus	0.4-1.2	1.2-3.6	1 M	32.8 K	partially-retiring	completion
qwen3.6-27b	Qwen3.6-Open-Source	0.6	3.6	262.1 K	65.5 K	active	completion
qwen3.5-27b	Qwen3.5-Open-Source	0.3	2.4	262.1 K	65.5 K	active	completion
qwen3-vl-flash	Qwen3-VL-Flash	0.05-0.12	0.4-0.96	262.1 K	32.8 K	retiring	completion
qwen3-vl-plus	Qwen3-VL-Plus	0.2-0.6	1.6-4.8	262.1 K	32.8 K	partially-retiring	completion
qwen3-max	Qwen3-Max	1.2-3	6-15	262.1 K	65.5 K	retiring	completion
qwen3.5-omni-flash	Qwen3.5-Omni-Flash	0.4	2.2	262.1 K	65.5 K	active	completion
qwen3.5-omni-flash-realtime	Qwen3.5-Omni-Flash-Realtime	0.55	3.3	262.1 K	65.5 K	active	completion
qwen-flash-character	Qwen-Flash-Character	0.05	0.4	8.2 K	4.1 K	active	completion
qwen-mt-flash	Qwen-MT-Flash	0.16	0.49	16.4 K	8.2 K	active	completion
tongyi-embedding-vision-plus	Tongyi Multimodal Embedding	0.09	-	-	-	active	embeddings
qwen-mt-lite	Qwen-MT-Lite	0.12	0.36	16.4 K	8.2 K	active	completion
qwen3.7-text-embedding	Qwen-Embedding	0.07	-	131.1 K	-	active	embeddings
qwen-mt-turbo	Qwen-MT-Turbo	0.16	0.49	4.1 K	2 K	retiring	completion
qwen-mt-plus	Qwen-MT-Plus	2.46	7.37	4.1 K	2 K	active	completion
qwen-plus-character	Qwen-Plus-Character	0.5	1.4	32.8 K	4.1 K	active	completion
qwen3-coder-next	Qwen3-Open-Source	0.3-0.8	1.5-4	262.1 K	65.5 K	retiring	completion
qwen3-coder-plus	Qwen3-Coder-Plus	1-6	5-60	1 M	65.5 K	retiring	completion
qwen3-coder-flash	Qwen3-Coder-Flash	0.3-1.6	1.5-9.6	1 M	65.5 K	active	completion
qwen-flash	Qwen-Flash	0.05-0.25	0.4-2	1 M	32.8 K	active	completion
qwen3-omni-flash	Qwen3-Omni-Flash	0.43	1.66	-	-	partially-retiring	completion
qwen3-omni-flash-realtime	Qwen3-Omni-Flash-Realtime	0.52	1.99	64 K	8 K	partially-retiring	completion
qwen-omni-turbo	Qwen-Omni-Turbo	0.07	0.27	32.8 K	2 K	retiring	completion
qwen-omni-turbo-realtime	Qwen-Omni-Turbo-Realtime	0.27	1.07	32.8 K	2 K	retiring	completion
qwen2.5-omni-7b	Qwen2.5-Open-Source	0.1	0.4	32.8 K	2 K	retiring	completion
qwen-turbo	Qwen-Turbo	0.05	0.2	131.1 K	8.2 K	retiring	completion
qvq-max	QVQ-Max	1.2	4.8	131.1 K	8.2 K	retiring	completion
qwq-plus	Qwen-QwQ-Plus	0.8	2.4	131.1 K	8.2 K	retiring	completion
qwen-max	Qwen-Max	1.6	6.4	32.8 K	8.2 K	active	completion
kimi/kimi-k3	Kimi	3	15	1 M	1 M	active	completion
qwen3-coder-30b-a3b-instruct	Qwen3-Coder-30B-A3B-Instruct	0.45-2.4	2.25-14.4	262.1 K	65.5 K	retiring	completion
qwen3-coder-480b-a35b-instruct	Qwen3-Coder-480B-A35B-Instruct	1.5-9	7.5-90	262.1 K	65.5 K	retiring	completion
